Method,Theta,SE,Pct_Penalty,CI_lo,CI_hi
OLS Spec 1 (Mincer core),-0.15341380067983676,0.002119415326557024,-14.22,-0.1576,-0.1493
OLS Spec 2 (+ institutional),-0.15002723710275156,0.0021033980158007165,-13.93,-0.1541,-0.1459
DML RF (Spec 3),-0.17715756130415727,0.0020685861877011618,-16.24,-0.1812,-0.1731
DML Lasso (Spec 3),-0.18234209436043994,0.002072310987865439,-16.67,-0.1864,-0.1783
