Model,Theta,SE,Pct_Penalty,CI_lo,CI_hi
DML RF (main),-0.17715756130415727,0.0020685861877011618,-16.235220675382024,-0.18121191573096856,-0.17310320687734598
DML Lasso (robustness),-0.18234209436043994,0.002072310987865439,-16.66837811296591,-0.1864037492614228,-0.17828043945945707
